{	
	"active":1,	
	"chance":1.0,
	"nominal":3,
	"restock":999,
	"timeOffset":0,
	"lifeTime":0,	
	"missionRespawn":1800,
	"missionSafeSpawnRadius":300,
	"safeRadius":200,
	"distanceRadius":400,
	"cleanRadius":1000,	
	"pagerInfo":1,			
	"pagerMessageIn":"Helicopters crashed near #pos",		
	"alertInfo":0,			
	"alertMessageIn":"",			
	"showInMap":1,
	"showInMapWhenEnter":1,
	"mapTitle":"HeliCrash",		
	"sendInfo":1,		
	"startMessage":"Helicopters crashed near #pos",	
	"endMessage":"Cargo from crashed helicopters near #pos was secured",	
	"position": [
		[558.859619,0,12918.953125,0],
		[154.159332,0,13299.455078,0],
		[3886.950928,0,13213.515625,0],
		[4607.622071,0,13640.048828,0],
		[1629.344849,0,15056.105469,0],
		[5016.493164,0,13341.447266,0],
		[1460.164551,0,11699.333008,0],
		[4392.249024,0,14725.830078,0],
		[1990.222656,0,14233.742188,0],
		[2098.057373,0,12618.232422,0],
		[2452.024903,0,15083.825195,0],
		[612.269104,0,14440.185547,0],
		[3488.112549,0,15106.688477,0],
		[2532.082519,0,13382.639648,0],
		[4049.804199,0,13904.515625,0],
		[3178.520996,0,13502.986328,0],
		[5732.232422,0,14279.795899,0],
		[1728.4823,0,10094.250977,0],
		[3275.309814,0,9366.686523,0],
		[2692.553223,0,8262.087891,0],
		[1610.003784,0,11090.4375,0],
		[3322.967285,0,10625.592773,0],
		[2991.669678,0,10143.976562,0],
		[7666.969726,0,11698.389649,0],
		[7143.305176,0,9730.668945,0],
		[1994.933838,0,9014.110351,0],
		[2043.229736,0,10662.374024,0],
		[1053.390381,0,10812.615235,0],
		[350.116211,0,9787.40918,0],
		[4478.339844,0,12218.993164,0],
		[4552.201171,0,11486.540039,0],
		[2902.542236,0,11594.443359,0],
		[5220.595703,0,11018.12793,0],
		[2340.268555,0,11938.21289,0],
		[5393.896485,0,10571.462891,0],
		[5970.649902,0,9867.347656,0],
		[2560.009033,0,9439.714844,0],
		[405.997742,0,8094.958984,0],
		[460.389587,0,10667.038086,0],
		[3721.485351,0,10297.698242,0],
		[2009.076172,0,9613.862305,0],
		[1762.899292,0,12215.012695,0],
		[4810.452637,0,12709.970703,0],
		[2333.501953,0,10265.960938,0],
		[4065.664795,0,9341.539063,0],
		[3509.76416,0,8003.174316,0],
		[5338.701172,0,11767.56543,0],
		[1299.361694,0,9946.346679,0],
		[3952.230469,0,11094.624023,0],
		[4905.97461,0,6278.68457,0],
		[370.531036,0,5023.79834,0],
		[917.921875,0,4781.028809,0],
		[6289.675293,0,6213.68164,0],
		[6204.925293,0,8301.290039,0],
		[907.425049,0,4236.119141,0],
		[1409.999878,0,4299.21582,0],
		[6297.924804,0,9011.773438,0],
		[3844.900146,0,4910.077148,0],
		[5135.983886,0,7630.080078,0],
		[1207.821045,0,5279.723144,0],
		[1226.761841,0,6535.904297,0],
		[4130.532715,0,7949.016113,0],
		[874.107422,0,5498.936524,0],
		[3059.183367,0,7348.792174,0],
		[1832.063476,0,5032.705078,0],
		[410.191589,0,3820.056885,0],
		[147.875,0,5967.167,0],
		[2345.890869,0,7780.26123,0],
		[4018.187256,0,7302.03125,0],
		[999.780578,0,3598.624023,0],
		[2364.616943,0,6718.591309,0],
		[8006.187011,0,8178.071289,0],
		[3540.563965,0,6409.336914,0],
		[1503.997071,0,4832.345703,0],
		[1106.205078,0,7437.662598,0],
		[4989.249024,0,8937.190429,0],
		[4308.358886,0,8577.78125,0],
		[2509.957276,0,5827.195801,0],
		[162.172,0,7000.999,0],
		[1737.581177,0,7819.769043,0],
		[4126.941406,0,6903.794433,0],
		[5416.428222,0,5648.294922,0],
		[2740.843994,0,3306.333008,0],
		[1650.721802,0,2355.52124,0],
		[2759.578125,0,2405.060547,0],
		[1703.105957,0,3153.738526,0],
		[4284.979004,0,5568.522949,0],
		[328.247772,0,2437.281006,0],
		[3121.659668,0,4410.962403,0],
		[2331.122803,0,4049.143311,0],
		[1160.676758,0,2613.634033,0],
		[3427.892578,0,3295.283448,0],
		[4848.869629,0,4719.773438,0],
		[655.947754,0,1965.813354,0]
		],
	"radiationDynamic":55,
	"radiationSpawnedByContaminedArea":1,
	"radiusOfRadiation":[150,200],
	"strengthOfRadiation":[50,200],		
	"contaminedAreasDynamic":
	[
		{
		"positionOffset":50,
		"timeOffset":10,
		"chance":0.60,
		"Area":
			{
				"AreaName": "Ship-SW", 
				"Type": "ContaminatedArea_Dynamic", 
				"TriggerType": "ContaminatedTrigger_Dynamic",
				"Data": { 
					"Pos": [ 0, 0, 0 ],
					"Radius": 100,
					"PosHeight": 22,
					"NegHeight": 10,
					"InnerRingCount": 1,
					"InnerPartDist": 50,
					"OuterRingToggle": 1, 
					"OuterPartDist": 40, 
					"OuterOffset": 0, 
					"VerticalLayers": 0,
					"VerticalOffset": 0,
					"ParticleName": "graphics/particles/contaminated_area_gas_bigass"
					},
				"PlayerData": {
					"AroundPartName": "graphics/particles/contaminated_area_gas_around",
					"TinyPartName": "graphics/particles/contaminated_area_gas_around_tiny",
					"PPERequesterType": "PPERequester_ContaminatedAreaTint"			
				}
			}
		}			
	],		
	"loot":[	
		{
			"className":"SeaChest",
			"position":[4,0,-4],
			"yaw":0,
			"pitch":0,
			"roll":0,		
			"cargo":[		
				{
				"title":"Clothes_RadSuit_3",
				"chance":1.0
				},		
				{
				"title":"Clothes_RadSuit_3",
				"chance":1.0
				},
				{
				"title":"Clothes_RadSuit_3",
				"chance":1.0
				},
				{
				"title":"Clothes_RadSuit_3",
				"chance":1.0
				},
				{
				"title":"Clothes_RadSuit_1",
				"chance":1.0
				},	
				{
				"title":"Clothes_RadSuit_2",
				"chance":1.0
				},				
				{
				"title":"SniperRifles_1",
				"chance":0.25
				},	
				{
				"title":"MagSniperRifles_1",
				"chance":0.25
				},			
				{
				"title":"RareItem_NVG",
				"chance":0.05
				},		
				{
				"title":"RareItem_SILENCERS",
				"chance":0.25
				},				
				{
				"title":"RareItem_SILENCERS",
				"chance":0.25
				},				
				{
				"title":"RareItem_SILENCERS",
				"chance":0.35
				},		
				{
				"title":"Ammo_ALL",
				"chance":1.0
				},		
				{
				"title":"Ammo_ALL",
				"chance":1.0
				},		
				{
				"title":"Ammo_ALL",
				"chance":1.0
				},
				{
				"title":"Ammo_ALL",
				"chance":1.0
				},
				{
				"title":"Ammo_ALL",
				"chance":0.5
				},
				{
				"title":"Ammo_ALL",
				"chance":0.5
				},		
				{
				"title":"Mag_ALL",
				"chance":1.0
				},
				{
				"title":"Mag_ALL",
				"chance":1.0
				},
				{
				"title":"Mag_ALL",
				"chance":0.5
				},
				{
				"title":"Mag_ALL",
				"chance":0.5
				}					
			]
		}		
	],
	"NPCdynamic":[	
		{
		"className":"SurvivorM_Rolf",
		"IsDead":1,
		"position":[5,0,-5],
		"yaw":-40,
		"pitch":0,
		"roll":0,
		"cargo":[
				{
				"title":"SOLDIER_HEAD",
				"chance":0.5
				},	
				{
				"title":"SOLDIER_MASK",
				"chance":0.5
				},			
				{
				"title":"SOLDIER_TOP",
				"chance":1.0
				},	
				{
				"title":"SOLDIER_GLOVES",
				"chance":1.0
				},	
				{
				"title":"SOLDIER_PANTS",
				"chance":1.0
				},		
				{
				"title":"SOLDIER_BOOTS",
				"chance":1.0
				},	
				{
				"title":"SOLDIER_BAGS",
				"chance":0.5
				},	
				{
				"title":"SOLDIER_VESTS",
				"chance":0.5
				},
				{
				"title":"Medic_1",
				"chance":1.0
				},				
				{
				"title":"Medic_2",
				"chance":0.25
				},					
				{
				"title":"Pistols_1",
				"chance":1.0
				},	
				{
				"title":"Automat_1",
				"chance":0.5
				},		
				{
				"title":"HuntingRifles_1",
				"chance":0.5
				},	
				{
				"title":"Food_1",
				"chance":0.8
				},	
				{
				"title":"Tools_1",
				"chance":0.8
				},				
				{
				"title":"RareItem_NVG",
				"chance":0.25
				}					
			]
		},
		{
		"className":"SurvivorF_Helga",
		"IsDead":1,
		"position":[3,0,-3],
		"yaw":30,
		"pitch":0,
		"roll":0,
		"cargo":[
				{
				"title":"SOLDIER_HEAD",
				"chance":0.5
				},	
				{
				"title":"SOLDIER_MASK",
				"chance":0.5
				},			
				{
				"title":"SOLDIER_TOP",
				"chance":1.0
				},	
				{
				"title":"SOLDIER_GLOVES",
				"chance":1.0
				},	
				{
				"title":"SOLDIER_PANTS",
				"chance":1.0
				},		
				{
				"title":"SOLDIER_BOOTS",
				"chance":1.0
				},	
				{
				"title":"SOLDIER_BAGS",
				"chance":0.5
				},	
				{
				"title":"SOLDIER_VESTS",
				"chance":0.5
				},
				{
				"title":"Medic_1",
				"chance":1.0
				},				
				{
				"title":"Medic_2",
				"chance":0.25
				},	
				{
				"title":"Pistols_1",
				"chance":1.0
				},		
				{
				"title":"Shotguns_1",