{
    "IDE": 1041753392,
    "Location": "Severograd",
    "Position": [
        7494.78173828125,
        122.28746032714844,
        12648.4931640625
    ],
    "Ammount": 2000.0,
    "AmmountMax": 10000.0,
    "RefreshPerRestart": 4000.0,
    "ChanceRefresh": 0.10000000149011612
}