{
    "IDE": 1327068269,
    "Location": "Electrozavodsk",
    "Position": [
        9498.7109375,
        6.565218448638916,
        2019.3209228515626
    ],
    "Ammount": 2000.0,
    "AmmountMax": 10000.0,
    "RefreshPerRestart": 4000.0,
    "ChanceRefresh": 0.10000000149011612
}