{
    "IDE": 1814585878,
    "Location": "Khelm",
    "Position": [
        12994.2568359375,
        7.122313022613525,
        10075.0625
    ],
    "Ammount": 2000.0,
    "AmmountMax": 10000.0,
    "RefreshPerRestart": 4000.0,
    "ChanceRefresh": 0.10000000149011612
}