{
    "IDE": 420287776,
    "Location": "Topolniki",
    "Position": [
        3013.66015625,
        211.17689514160157,
        12653.6259765625
    ],
    "Ammount": 2000.0,
    "AmmountMax": 10000.0,
    "RefreshPerRestart": 4000.0,
    "ChanceRefresh": 0.10000000149011612
}