{
    "IDE": 42458907,
    "Location": "Zabolotye",
    "Position": [
        319.02447509765627,
        296.0572814941406,
        9381.681640625
    ],
    "Ammount": 2000.0,
    "AmmountMax": 10000.0,
    "RefreshPerRestart": 4000.0,
    "ChanceRefresh": 0.10000000149011612
}