{
    "IDE": 503920450,
    "Location": "Vybor",
    "Position": [
        3652.31689453125,
        312.294921875,
        8976.716796875
    ],
    "Ammount": 2000.0,
    "AmmountMax": 10000.0,
    "RefreshPerRestart": 4000.0,
    "ChanceRefresh": 0.10000000149011612
}