{
    "IDE": 503920448,
    "Location": "Vybor",
    "Position": [
        3656.810302734375,
        312.310302734375,
        8982.04296875
    ],
    "Ammount": 2000.0,
    "AmmountMax": 10000.0,
    "RefreshPerRestart": 4000.0,
    "ChanceRefresh": 0.10000000149011612
}