{
    "IDE": 630444122,
    "Location": "NWA",
    "Position": [
        4542.53564453125,
        339.8586730957031,
        9690.1103515625
    ],
    "Ammount": 2000.0,
    "AmmountMax": 10000.0,
    "RefreshPerRestart": 4000.0,
    "ChanceRefresh": 0.10000000149011612
}