{
    "IDE": 1041753288,
    "Location": "Severograd",
    "Position": [
        7491.9365234375,
        122.24797821044922,
        12648.3291015625
    ],
    "Ammount": 2000.0,
    "AmmountMax": 10000.0,
    "RefreshPerRestart": 4000.0,
    "ChanceRefresh": 0.10000000149011612
}