{
    "IDE": 1041753391,
    "Location": "Severograd",
    "Position": [
        7494.62744140625,
        122.27189636230469,
        12655.322265625
    ],
    "Ammount": 6000.0,
    "AmmountMax": 10000.0,
    "RefreshPerRestart": 4000.0,
    "ChanceRefresh": 0.10000000149011612
}