{
    "IDE": 1461754391,
    "Location": "Gorka",
    "Position": [
        10455.9931640625,
        224.3225555419922,
        8868.4580078125
    ],
    "Ammount": 2000.0,
    "AmmountMax": 10000.0,
    "RefreshPerRestart": 4000.0,
    "ChanceRefresh": 0.10000000149011612
}