{
    "IDE": 1873151085,
    "Location": "Solnichniy",
    "Position": [
        13392.1650390625,
        5.435739040374756,
        6603.734375
    ],
    "Ammount": 2000.0,
    "AmmountMax": 10000.0,
    "RefreshPerRestart": 4000.0,
    "ChanceRefresh": 0.10000000149011612
}