{
    "IDE": 302042439,
    "Location": "Pavlovo Military",
    "Position": [
        2168.2216796875,
        93.37745666503906,
        3401.658203125
    ],
    "Ammount": 2000.0,
    "AmmountMax": 10000.0,
    "RefreshPerRestart": 4000.0,
    "ChanceRefresh": 0.10000000149011612
}