{
    "IDE": 420287775,
    "Location": "Topolniki",
    "Position": [
        3006.70263671875,
        211.19146728515626,
        12653.611328125
    ],
    "Ammount": 2000.0,
    "AmmountMax": 10000.0,
    "RefreshPerRestart": 4000.0,
    "ChanceRefresh": 0.10000000149011612
}