{
    "IDE": 42458909,
    "Location": "Zabolotye",
    "Position": [
        321.9410400390625,
        296.0561828613281,
        9386.59375
    ],
    "Ammount": 2000.0,
    "AmmountMax": 10000.0,
    "RefreshPerRestart": 4000.0,
    "ChanceRefresh": 0.10000000149011612
}