{
    "IDE": 503920449,
    "Location": "Vybor",
    "Position": [
        3654.778076171875,
        312.3118591308594,
        8983.6337890625
    ],
    "Ammount": 2000.0,
    "AmmountMax": 10000.0,
    "RefreshPerRestart": 4000.0,
    "ChanceRefresh": 0.10000000149011612
}