{
    "IDE": 630444120,
    "Location": "NWA",
    "Position": [
        4548.36279296875,
        339.8586730957031,
        9679.4931640625
    ],
    "Ammount": 2000.0,
    "AmmountMax": 10000.0,
    "RefreshPerRestart": 4000.0,
    "ChanceRefresh": 0.10000000149011612
}