{
    "IDE": 814672586,
    "Location": "Bay Mutnaya",
    "Position": [
        5859.5859375,
        10.097677230834961,
        2189.234130859375
    ],
    "Ammount": 2000.0,
    "AmmountMax": 10000.0,
    "RefreshPerRestart": 4000.0,
    "ChanceRefresh": 0.10000000149011612
}