{
    "IDE": 814953841,
    "Location": "Grishino",
    "Position": [
        5842.93017578125,
        278.82257080078127,
        10106.3056640625
    ],
    "Ammount": 2000.0,
    "AmmountMax": 10000.0,
    "RefreshPerRestart": 4000.0,
    "ChanceRefresh": 0.10000000149011612
}