{
    "IDE": 1049712460,
    "Location": "Mogilevka",
    "Position": [
        7535.54248046875,
        214.4322967529297,
        5138.31201171875
    ],
    "Ammount": 20000.0,
    "AmmountMax": 30000.0,
    "RefreshPerRestart": 5000.0,
    "ChanceRefresh": 0.5
}