{
    "IDE": 1201832096,
    "Location": "Gvozdno",
    "Position": [
        8595.6435546875,
        194.56260681152345,
        11930.1298828125
    ],
    "Ammount": 15000.0,
    "AmmountMax": 30000.0,
    "RefreshPerRestart": 5000.0,
    "ChanceRefresh": 0.5
}