{
    "IDE": 1319336074,
    "Location": "Svergino",
    "Position": [
        9478.2490234375,
        91.74098205566406,
        13803.3603515625
    ],
    "Ammount": 15000.0,
    "AmmountMax": 30000.0,
    "RefreshPerRestart": 5000.0,
    "ChanceRefresh": 0.5
}