{
    "IDE": 1570549688,
    "Location": "Msta",
    "Position": [
        11266.900390625,
        255.01303100585938,
        5484.009765625
    ],
    "Ammount": 15000.0,
    "AmmountMax": 30000.0,
    "RefreshPerRestart": 5000.0,
    "ChanceRefresh": 0.5
}