{
    "IDE": 1680154920,
    "Location": "Kamyshovo",
    "Position": [
        12051.4560546875,
        6.359377861022949,
        3593.756591796875
    ],
    "Ammount": 15000.0,
    "AmmountMax": 30000.0,
    "RefreshPerRestart": 5000.0,
    "ChanceRefresh": 0.5
}