{
    "IDE": 168330277,
    "Location": "Bogatyrka",
    "Position": [
        1201.911376953125,
        279.310302734375,
        8765.2890625
    ],
    "Ammount": 20000.0,
    "AmmountMax": 30000.0,
    "RefreshPerRestart": 5000.0,
    "ChanceRefresh": 0.5
}