{
    "IDE": 1739105827,
    "Location": "Berezino",
    "Position": [
        12442.6279296875,
        7.025639533996582,
        9562.986328125
    ],
    "Ammount": 15000.0,
    "AmmountMax": 30000.0,
    "RefreshPerRestart": 5000.0,
    "ChanceRefresh": 0.5
}