{
    "IDE": 1890217151,
    "Location": "Turovo",
    "Position": [
        13512.0107421875,
        17.33007049560547,
        14039.103515625
    ],
    "Ammount": 15000.0,
    "AmmountMax": 30000.0,
    "RefreshPerRestart": 5000.0,
    "ChanceRefresh": 0.5
}