{
    "IDE": 226861734,
    "Location": "Pavlovo",
    "Position": [
        1672.937744140625,
        144.72579956054688,
        3842.9697265625
    ],
    "Ammount": 20000.0,
    "AmmountMax": 30000.0,
    "RefreshPerRestart": 5000.0,
    "ChanceRefresh": 0.5
}