{
    "IDE": 352544481,
    "Location": "Sosnovka",
    "Position": [
        2550.454833984375,
        306.3044738769531,
        6369.23193359375
    ],
    "Ammount": 15000.0,
    "AmmountMax": 30000.0,
    "RefreshPerRestart": 5000.0,
    "ChanceRefresh": 0.5
}