{
    "IDE": 520697775,
    "Location": "Vybor",
    "Position": [
        3738.78173828125,
        311.4305419921875,
        8957.837890625
    ],
    "Ammount": 15000.0,
    "AmmountMax": 30000.0,
    "RefreshPerRestart": 5000.0,
    "ChanceRefresh": 0.5
}