{
    "IDE": 663694745,
    "Location": "Rogovo",
    "Position": [
        4798.1572265625,
        270.99267578125,
        6826.4404296875
    ],
    "Ammount": 15000.0,
    "AmmountMax": 30000.0,
    "RefreshPerRestart": 5000.0,
    "ChanceRefresh": 0.5
}