{
    "IDE": 680535023,
    "Location": "Pulkovo",
    "Position": [
        4900.28759765625,
        319.6317443847656,
        5678.1484375
    ],
    "Ammount": 15000.0,
    "AmmountMax": 30000.0,
    "RefreshPerRestart": 5000.0,
    "ChanceRefresh": 0.5
}