{
    "IDE": 1310914982,
    "Location": "Nagornoe",
    "Position": [
        9384.6279296875,
        232.2843017578125,
        14551.0810546875
    ],
    "Ammount": 20000.0,
    "AmmountMax": 30000.0,
    "RefreshPerRestart": 5000.0,
    "ChanceRefresh": 0.5
}