{
    "IDE": 1369011472,
    "Location": "Electrozavodsk",
    "Position": [
        9800.2861328125,
        29.626237869262697,
        2216.38916015625
    ],
    "Ammount": 20000.0,
    "AmmountMax": 30000.0,
    "RefreshPerRestart": 5000.0,
    "ChanceRefresh": 0.5
}