{
    "IDE": 1386206871,
    "Location": "Dubrovka Vyshnaya",
    "Position": [
        9958.3271484375,
        155.8426971435547,
        10386.06640625
    ],
    "Ammount": 15000.0,
    "AmmountMax": 30000.0,
    "RefreshPerRestart": 5000.0,
    "ChanceRefresh": 0.5
}