{
    "IDE": 1452901565,
    "Location": "Electrozavodsk",
    "Position": [
        10424.0830078125,
        6.435553073883057,
        2215.927490234375
    ],
    "Ammount": 20000.0,
    "AmmountMax": 30000.0,
    "RefreshPerRestart": 5000.0,
    "ChanceRefresh": 0.5
}