{
    "IDE": 1613321729,
    "Location": "Novodmitrovsk",
    "Position": [
        11544.7783203125,
        59.695865631103519,
        14798.818359375
    ],
    "Ammount": 20000.0,
    "AmmountMax": 30000.0,
    "RefreshPerRestart": 5000.0,
    "ChanceRefresh": 0.5
}