{
    "IDE": 1713900518,
    "Location": "Khelm",
    "Position": [
        12255.232421875,
        93.20820617675781,
        10626.826171875
    ],
    "Ammount": 20000.0,
    "AmmountMax": 30000.0,
    "RefreshPerRestart": 5000.0,
    "ChanceRefresh": 0.5
}