{
    "IDE": 377985369,
    "Location": "Lopatino",
    "Position": [
        2752.34228515625,
        274.445556640625,
        9984.9677734375
    ],
    "Ammount": 20000.0,
    "AmmountMax": 30000.0,
    "RefreshPerRestart": 5000.0,
    "ChanceRefresh": 0.5
}