{
    "IDE": 873930544,
    "Location": "Ratnoe",
    "Position": [
        6297.689453125,
        154.65826416015626,
        12666.705078125
    ],
    "Ammount": 15000.0,
    "AmmountMax": 30000.0,
    "RefreshPerRestart": 5000.0,
    "ChanceRefresh": 0.5
}