{
    "IDE": 1126313680,
    "Location": "Severograd",
    "Position": [
        8065.2744140625,
        119.02333068847656,
        12637.1669921875
    ],
    "Ammount": 20000.0,
    "AmmountMax": 30000.0,
    "RefreshPerRestart": 5000.0,
    "ChanceRefresh": 0.5
}