{
    "IDE": 1143119620,
    "Location": "Romashka",
    "Position": [
        8191.77783203125,
        181.6754608154297,
        11580.65234375
    ],
    "Ammount": 15000.0,
    "AmmountMax": 30000.0,
    "RefreshPerRestart": 5000.0,
    "ChanceRefresh": 0.5
}