{
    "IDE": 1176107130,
    "Location": "Guglovo",
    "Position": [
        8429.0302734375,
        360.8638000488281,
        6675.1796875
    ],
    "Ammount": 25000.0,
    "AmmountMax": 30000.0,
    "RefreshPerRestart": 5000.0,
    "ChanceRefresh": 0.5
}