{
    "IDE": 1495338280,
    "Location": "Polana",
    "Position": [
        10685.3212890625,
        211.7200927734375,
        8065.4794921875
    ],
    "Ammount": 20000.0,
    "AmmountMax": 30000.0,
    "RefreshPerRestart": 5000.0,
    "ChanceRefresh": 0.5
}