{
    "IDE": 1688877409,
    "Location": "Cernaya Polana",
    "Position": [
        12102.982421875,
        95.60814666748047,
        13718.8193359375
    ],
    "Ammount": 15000.0,
    "AmmountMax": 30000.0,
    "RefreshPerRestart": 5000.0,
    "ChanceRefresh": 0.5
}