{
    "IDE": 1797719738,
    "Location": "Tulga",
    "Position": [
        12876.5380859375,
        172.372802734375,
        4437.37451171875
    ],
    "Ammount": 20000.0,
    "AmmountMax": 30000.0,
    "RefreshPerRestart": 5000.0,
    "ChanceRefresh": 0.5
}