{
    "IDE": 202154864,
    "Location": "Sinystok",
    "Position": [
        1460.3494873046876,
        283.8138427734375,
        11951.2060546875
    ],
    "Ammount": 25000.0,
    "AmmountMax": 30000.0,
    "RefreshPerRestart": 5000.0,
    "ChanceRefresh": 0.5
}