{
    "IDE": 277017219,
    "Location": "Myshkino",
    "Position": [
        1991.328125,
        250.04673767089845,
        7307.82421875
    ],
    "Ammount": 20000.0,
    "AmmountMax": 30000.0,
    "RefreshPerRestart": 5000.0,
    "ChanceRefresh": 0.5
}