{
    "IDE": 302453328,
    "Location": "Vavilovo",
    "Position": [
        2215.072509765625,
        265.6520690917969,
        11098.59375
    ],
    "Ammount": 15000.0,
    "AmmountMax": 30000.0,
    "RefreshPerRestart": 5000.0,
    "ChanceRefresh": 0.5
}