{
    "IDE": 377812073,
    "Location": "Zelenogorsk",
    "Position": [
        2715.814453125,
        204.88540649414063,
        5292.6025390625
    ],
    "Ammount": 15000.0,
    "AmmountMax": 30000.0,
    "RefreshPerRestart": 5000.0,
    "ChanceRefresh": 0.5
}