{
    "IDE": 503430875,
    "Location": "Komarovo",
    "Position": [
        3654.875,
        7.349222660064697,
        2464.53759765625
    ],
    "Ammount": 25000.0,
    "AmmountMax": 30000.0,
    "RefreshPerRestart": 5000.0,
    "ChanceRefresh": 0.5
}