{
    "IDE": 75767661,
    "Location": "Zvir",
    "Position": [
        593.1072998046875,
        141.510009765625,
        5287.158203125
    ],
    "Ammount": 20000.0,
    "AmmountMax": 30000.0,
    "RefreshPerRestart": 5000.0,
    "ChanceRefresh": 0.5
}