{
    "IDE": 831725708,
    "Location": "Grishino",
    "Position": [
        5972.83056640625,
        267.686279296875,
        10311.6650390625
    ],
    "Ammount": 15000.0,
    "AmmountMax": 30000.0,
    "RefreshPerRestart": 5000.0,
    "ChanceRefresh": 0.5
}