{
    "IDE": 906945639,
    "Location": "Chernogorsk",
    "Position": [
        6515.26220703125,
        6.53394079208374,
        2307.47265625
    ],
    "Ammount": 20000.0,
    "AmmountMax": 30000.0,
    "RefreshPerRestart": 5000.0,
    "ChanceRefresh": 0.5
}