{
    "IDE": 924176356,
    "Location": "Kamensk",
    "Position": [
        6643.51611328125,
        377.6810607910156,
        14375.70703125
    ],
    "Ammount": 20000.0,
    "AmmountMax": 30000.0,
    "RefreshPerRestart": 5000.0,
    "ChanceRefresh": 0.5
}