{
    "IDE": 1327069288,
    "Location": "Electrozavodsk",
    "Position": [
        9497.5810546875,
        6.573399543762207,
        2005.57666015625
    ],
    "Ammount": 2000.0,
    "AmmountMax": 10000.0,
    "RefreshPerRestart": 4000.0,
    "ChanceRefresh": 0.10000000149011612
}