{
    "IDE": 1461754390,
    "Location": "Gorka",
    "Position": [
        10450.3447265625,
        224.3303680419922,
        8864.4970703125
    ],
    "Ammount": 2000.0,
    "AmmountMax": 10000.0,
    "RefreshPerRestart": 4000.0,
    "ChanceRefresh": 0.10000000149011612
}