{
    "IDE": 1461754389,
    "Location": "Polana",
    "Position": [
        10461.52734375,
        224.31402587890626,
        8872.501953125
    ],
    "Ammount": 2000.0,
    "AmmountMax": 10000.0,
    "RefreshPerRestart": 4000.0,
    "ChanceRefresh": 0.10000000149011612
}