{
    "IDE": 151081212,
    "Location": "Bay Tikhaya",
    "Position": [
        1132.06201171875,
        6.907917022705078,
        2393.324951171875
    ],
    "Ammount": 2000.0,
    "AmmountMax": 10000.0,
    "RefreshPerRestart": 4000.0,
    "ChanceRefresh": 0.10000000149011612
}