{
    "IDE": 1814585879,
    "Location": "Khelm",
    "Position": [
        12987.4931640625,
        7.122437000274658,
        10076.1328125
    ],
    "Ammount": 2000.0,
    "AmmountMax": 10000.0,
    "RefreshPerRestart": 4000.0,
    "ChanceRefresh": 0.10000000149011612
}