{
    "IDE": 369403087,
    "Location": "Zelenogorsk",
    "Position": [
        2685.18505859375,
        212.04147338867188,
        5606.11376953125
    ],
    "Ammount": 2000.0,
    "AmmountMax": 10000.0,
    "RefreshPerRestart": 4000.0,
    "ChanceRefresh": 0.10000000149011612
}