{
    "IDE": 369403089,
    "Location": "Zelenogorsk",
    "Position": [
        2684.90869140625,
        212.02899169921876,
        5603.51953125
    ],
    "Ammount": 2000.0,
    "AmmountMax": 10000.0,
    "RefreshPerRestart": 4000.0,
    "ChanceRefresh": 0.10000000149011612
}