{
    "IDE": 613577015,
    "Location": "NWA",
    "Position": [
        4400.8984375,
        339.7286682128906,
        10814.48828125
    ],
    "Ammount": 2000.0,
    "AmmountMax": 10000.0,
    "RefreshPerRestart": 4000.0,
    "ChanceRefresh": 0.10000000149011612
}