{
    "IDE": 613577014,
    "Location": "NWA",
    "Position": [
        4404.9013671875,
        339.73187255859377,
        10807.2578125
    ],
    "Ammount": 2000.0,
    "AmmountMax": 10000.0,
    "RefreshPerRestart": 4000.0,
    "ChanceRefresh": 0.10000000149011612
}