{
    "IDE": 613579089,
    "Location": "NWA",
    "Position": [
        4412.43408203125,
        339.7419128417969,
        10793.23828125
    ],
    "Ammount": 2000.0,
    "AmmountMax": 10000.0,
    "RefreshPerRestart": 4000.0,
    "ChanceRefresh": 0.10000000149011612
}