{
    "IDE": 630444118,
    "Location": "NWA",
    "Position": [
        4534.697265625,
        339.8586730957031,
        9703.8134765625
    ],
    "Ammount": 6000.0,
    "AmmountMax": 10000.0,
    "RefreshPerRestart": 4000.0,
    "ChanceRefresh": 0.10000000149011612
}