{
    "IDE": 630444119,
    "Location": "NWA",
    "Position": [
        4536.6396484375,
        339.8586730957031,
        9700.205078125
    ],
    "Ammount": 6000.0,
    "AmmountMax": 10000.0,
    "RefreshPerRestart": 4000.0,
    "ChanceRefresh": 0.10000000149011612
}