{
    "IDE": 630444123,
    "Location": "NWA",
    "Position": [
        4546.42724609375,
        339.8586730957031,
        9682.958984375
    ],
    "Ammount": 2000.0,
    "AmmountMax": 10000.0,
    "RefreshPerRestart": 4000.0,
    "ChanceRefresh": 0.10000000149011612
}