{
    "IDE": 630444124,
    "Location": "NWA",
    "Position": [
        4544.48486328125,
        339.8586730957031,
        9686.5673828125
    ],
    "Ammount": 2000.0,
    "AmmountMax": 10000.0,
    "RefreshPerRestart": 4000.0,
    "ChanceRefresh": 0.10000000149011612
}