{
    "IDE": 814672517,
    "Location": "Bay Mutnaya",
    "Position": [
        5855.97607421875,
        10.0858154296875,
        2202.554931640625
    ],
    "Ammount": 2000.0,
    "AmmountMax": 10000.0,
    "RefreshPerRestart": 4000.0,
    "ChanceRefresh": 0.10000000149011612
}