{
    "IDE": 814672516,
    "Location": "Bay Mutnaya",
    "Position": [
        5856.6220703125,
        10.091493606567383,
        2195.59521484375
    ],
    "Ammount": 2000.0,
    "AmmountMax": 10000.0,
    "RefreshPerRestart": 4000.0,
    "ChanceRefresh": 0.10000000149011612
}