{
    "IDE": 957251627,
    "Location": "Chernogorsk Factory",
    "Position": [
        6884.53125,
        8.368205070495606,
        3083.16357421875
    ],
    "Ammount": 6000.0,
    "AmmountMax": 10000.0,
    "RefreshPerRestart": 4000.0,
    "ChanceRefresh": 0.10000000149011612
}