{
    "IDE": 957251629,
    "Location": "Chernogorsk Factory",
    "Position": [
        6888.77001953125,
        8.327378273010254,
        3077.720703125
    ],
    "Ammount": 2000.0,
    "AmmountMax": 10000.0,
    "RefreshPerRestart": 4000.0,
    "ChanceRefresh": 0.10000000149011612
}